[
  {
    "id": "b9d06e73-8a3b-41b6-8d6e-096b7787600c",
    "data": [
      {
        "text": "Will it be ",
        "userDefined": false
      },
      {
        "text": "windy",
        "meta": "@weather_type",
        "alias": "weather_type",
        "userDefined": true
      },
      {
        "text": " in ",
        "userDefined": false
      },
      {
        "text": "Tulsa",
        "meta": "@sys.geo-city",
        "alias": "geo-city",
        "userDefined": false
      },
      {
        "text": "?",
        "userDefined": false
      }
    ],
    "isTemplate": false,
    "count": 0,
    "lang": "en",
    "updated": 0
  },
  {
    "id": "fdb63400-6ea3-4a28-af84-14cafc6ebea5",
    "data": [
      {
        "text": "Will it ",
        "userDefined": false
      },
      {
        "text": "snow",
        "meta": "@weather_type",
        "alias": "weather_type",
        "userDefined": true
      },
      {
        "text": " in ",
        "userDefined": false
      },
      {
        "text": "Victoria",
        "meta": "@sys.geo-city",
        "alias": "geo-city",
        "userDefined": false
      },
      {
        "text": "?",
        "userDefined": false
      }
    ],
    "isTemplate": false,
    "count": 0,
    "lang": "en",
    "updated": 0
  },
  {
    "id": "e35571d5-2e7a-4a1b-a697-eee2785ac99c",
    "data": [
      {
        "text": "Is it ",
        "userDefined": false
      },
      {
        "text": "storming",
        "meta": "@weather_type",
        "alias": "weather_type",
        "userDefined": true
      },
      {
        "text": " in ",
        "userDefined": false
      },
      {
        "text": "Anaheim",
        "meta": "@sys.geo-city",
        "alias": "geo-city",
        "userDefined": false
      },
      {
        "text": "?",
        "userDefined": false
      }
    ],
    "isTemplate": false,
    "count": 0,
    "lang": "en",
    "updated": 0
  },
  {
    "id": "ebb4c395-3c35-4742-a7f2-ff654b0d4f0b",
    "data": [
      {
        "text": "Will it ",
        "userDefined": false
      },
      {
        "text": "rain",
        "meta": "@weather_type",
        "alias": "weather_type",
        "userDefined": true
      },
      {
        "text": " in ",
        "userDefined": false
      },
      {
        "text": "London",
        "meta": "@sys.geo-city",
        "alias": "geo-city",
        "userDefined": false
      },
      {
        "text": "?",
        "userDefined": false
      }
    ],
    "isTemplate": false,
    "count": 0,
    "lang": "en",
    "updated": 0
  },
  {
    "id": "6c1e3ada-54f0-4adf-84bb-875f4896022f",
    "data": [
      {
        "text": "What is the ",
        "userDefined": false
      },
      {
        "text": "temperature",
        "meta": "@weather_type",
        "alias": "weather_type",
        "userDefined": true
      },
      {
        "text": " in ",
        "userDefined": false
      },
      {
        "text": "Berlin",
        "meta": "@sys.geo-city",
        "alias": "geo-city",
        "userDefined": false
      },
      {
        "text": "?",
        "userDefined": false
      }
    ],
    "isTemplate": false,
    "count": 0,
    "lang": "en",
    "updated": 0
  },
  {
    "id": "b5947842-1a79-4a19-8933-7702671a15a9",
    "data": [
      {
        "text": "Is it raining in ",
        "userDefined": false
      },
      {
        "text": "Paris",
        "meta": "@sys.geo-city",
        "alias": "geo-city",
        "userDefined": false
      },
      {
        "text": "?",
        "userDefined": false
      }
    ],
    "isTemplate": false,
    "count": 0,
    "lang": "en",
    "updated": 0
  },
  {
    "id": "cf83e606-0581-406d-96b6-7781495b6361",
    "data": [
      {
        "text": "Tell me the weather in ",
        "userDefined": false
      },
      {
        "text": "Tokyo",
        "meta": "@sys.geo-city",
        "alias": "geo-city",
        "userDefined": false
      },
      {
        "text": ".",
        "userDefined": false
      }
    ],
    "isTemplate": false,
    "count": 0,
    "lang": "en",
    "updated": 0
  },
  {
    "id": "81deb28c-0df2-4582-9aeb-0a54f6887fb3",
    "data": [
      {
        "text": "What\u0027s the weather in ",
        "userDefined": false
      },
      {
        "text": "Seattle",
        "meta": "@sys.geo-city",
        "alias": "geo-city",
        "userDefined": false
      },
      {
        "text": "?",
        "userDefined": false
      }
    ],
    "isTemplate": false,
    "count": 0,
    "lang": "en",
    "updated": 0
  }
]