[
  {
    "value": "rain",
    "synonyms": [
      "rain",
      "raining, showers, drizzling"
    ]
  },
  {
    "value": "temperature",
    "synonyms": [
      "temperature",
      "hot, cold, warm, cool"
    ]
  },
  {
    "value": "wind",
    "synonyms": [
      "wind",
      "windy, breezy"
    ]
  },
  {
    "value": "snow",
    "synonyms": [
      "snow",
      "snowing, snow"
    ]
  },
  {
    "value": "storming",
    "synonyms": [
      "storming",
      "strom, lightning, thunder"
    ]
  }
]